turns,numTurns,time,numGears,type,positions
3,1,0.0009968280792236328,4,LDFS,1
3,1,0.0009970664978027344,4,A*,1
0,1,0.0009970664978027344,4,Hill Climb,1
